name,alt_name,name:nan-HJ,name:nan,name:nan-TL
長濱鄉,,,Tiông-pin-hiong,
褒忠鄉,,,Po-tiong-hiong,
田寮區,,,Chhân-liâu-khu,
深坑區,,,Chhim-kheⁿ-khu,
社頭鄉,,,Siā-thâu-hiong,
平鎮區,,,Pêng-tìn-khu,
大園區,,,Toā-hn̂g-khu,
二崙鄉,,,Jī-lūn-hiong,
路竹區,,,Lō͘-tek-khu,
板橋區,,枋橋區,Pang-kiô-khu,Pang-kiô-khu
伸港鄉,伸港,,Sin-káng-hiong,
後壁區,,,Āu-piah-khu,
獅子鄉,,,Sai-á-hiong,
頭份市,,,Thâu-hūn-chhī,
大社區,,,Tōa-siā-khu,
達仁鄉,,,Ta̍t-jîn-hiong,
北埔鄉,,,Pak-po͘-hiong,
大甲區,,,Tāi-kah-khu,
阿里山鄉,阿里山,,A-lí-san-hiong,
莒光鄉,,,Kí-kong-hiong,
東山區,,,Tong-san-khu,
花蓮市,,,Hoa-liân-chhī,
虎尾鎮,,,Hó͘-bóe-tìn,
東區,,,Tang-khu,
大溪區,,,Tāi-khe-khu,
金山區,,,Kim-san-khu,
鹽水區,,,Kiâm-chúi-khu,
馬公市,,,Má-keng-chhī,
雙溪區,,,Siang-khe-khu,
枋山鄉,,,Pang-soaⁿ-hiong,
彰化市,,,Chiong-hoà-chhī,
金峰鄉,,,Kim-hong-hiong,
屏東市,Pingtung City,,Pîn-tong-chhī,
瑞芳區,,,Sūi-hong-khu,
溪口鄉,,,Khe-kháu-hiong,
大埔鄉,,,Tōa-po͘-hiong,
楊梅區,,,Iûⁿ-mûi-khu,
關山鎮,,,Koan-san-tìn,
田尾鄉,,,Chhân-boé-hiong,
高樹鄉,,,Ko-chhiū-hiong,
民雄鄉,,,Bîn-hiông-hiong,
新埔鎮,,,Sin-po͘-tìn,
望安鄉,,,Bāng-oaⁿ-hiong,
下營區,,,Ē-iâⁿ-khu,
南竿鄉,,南竿鄉,Lâm-kan-hiong,Lâm-kan-hiong
鹿港鎮,,,Lo̍k-káng-tìn,
六腳鄉,,,La̍k-kha-hiong,
成功鎮,,,Sêng-kong-tìn,
梧棲區,,,Gô͘-chhe-khu,
三峽區,,,Sam-kiap-khu,
左鎮區,,,Chó-tìn-khu,
鹿草鄉,,,Lo̍k-chháu-hiong,
布袋鎮,,,Pò͘-tē-tìn,
前金區,,,Chiân-kim-khu,
中和區,,,Tiong-hô-khu,
鹽埕區,,,Iâm-tiâⁿ-khu,
綠島鄉,,,Le̍k-tó-hiong,
線西鄉,,,Soàⁿ-sai-hiong,
苗栗縣,,苗栗縣,Biâu-le̍k-koān,Biâu-li̍k-kuān
杉林區,,,Sam-nâ-khu,
中山區,,,Tiong-san-khu,
沙鹿區,,,Soa-lak-khu,
田中鎮,,,Tiân-tiong-tìn,
南庄鄉,,,Lâm-chng-hiong,
桃園市,,桃園市,Thô-hn̂g-chhī,Thô-hn̂g-tshī
臺東縣,,臺東縣,Tâi-tang-koān,Tâi-tang-kuān
新店區,,,Sin-tiàm-khu,
萬巒鄉,,,Bân-bân-hiong,
高雄市,,高雄市,Ko-hiông-chhī,Ko-hiông-tshī
莿桐鄉,,,Chhì-tông-hiong,
三民區,,,Sam-bîn-khu,
後龍鎮,,,Āu-lâng-tìn,
恆春鎮,,,Hêng-chhun-tìn,
埔里鎮,,,Po͘-lí-tìn,
林園區,,,Lîm-hn̂g-khu,
潭子區,,,Thâm-chú-khu,
新北市,,新北市,Sin-pak-chhī,Sin-pak-tshī
旗津區,,旗津區,Kî-tin-khu,Kî-tin-khu
大內區,,,Toā-lāi-khu,
竹東鎮,,,Tek-tang-tìn,
草屯鎮,,,Chháu-tūn-tìn,
集集鎮,,,Chi̍p-chi̍p-tìn,
暖暖區,暖暖,,Loán-loán-khu,
琉球鄉,,,Liû-khiû-hiong,
神岡區,,,Sin-kóng-khu,
麥寮鄉,,,Be̍h-liâu-hiong,
新市區,,,Sin-chhī-khu,
烏來區 Ulay,烏來 Ulay,,U-lai-khu,U-lai-khu
林內鄉,,,Nâ-lāi-hiong,
池上鄉,,,Tî-siōng-hiong,
新園鄉,,,Sin-hn̂g-hiong,
羅東鎮,,,Lô-tong-tìn,
嘉義縣,,嘉義縣,Ka-gī-koān,Ka-gī-kuān
二林鎮,,,Jī-lîm-tìn,
北屯區,,,Pak-tūn-khu,
新埤鄉,,,Sin-pi-hiong,
金湖鎮,,,Kim-ô͘-tìn,
中區,,,Tiong-khu,
礁溪鄉,,,Ta-khe-hiong,
溪州鄉,,,Khe-chiu-hiong,
中正區,,,Tiong-chèng-khu,
壽豐鄉,,,Siū-hong-hiong,
北區,,,Pak-khu,
南澳鄉,,,Lâm-ò-hiong,
泰武鄉,,,Thài-bú-hiong,
中山區,,中山區,Tiong-san-khu,Tiong-san-khu
水林鄉,,,Chúi-nâ-hiong,
仁德區,,,Jîn-tek-khu,
仁愛鄉,,,Jîn-ài-hiong,
大同鄉,,,Tāi-tông-hiong,
小港區,,,Sió-káng-khu,
滿州鄉,,,Boán-chiu-hiong,
梅山鄉,,,Mûi-san-hiong,
西區,,,Se-khu,
宜蘭市,,,Gî-lân-chhī,
金城鎮,,,Kim-siâⁿ-tìn,
南區,,,Lâm-khu,
龍崎區,,,Liông-kiā-khu,
大村鄉,,,Tāi-chhoan-hiong,
朴子市,,,Phoh-chú-chhī,
彌陀區,,,Mî-tô-khu,
埔心鄉,,,Po͘-sim-hiong,
淡水區,,,Tām-chúi-khu,
光復鄉,,,Kong-ho̍k-hiong,
卓蘭鎮,,,Tah-lân-tìn,
楠西區,,,Lâm-se-khu,
橋頭區,小店仔,,Kiô-thâu-khu,
南屯區,,,Lâm-tūn-khu,
林邊鄉,,,Nâ-piⁿ-hiong,
瑞穗鄉,,,Sūi-sūi-hiong,
三義鄉,,,Sam-gī-hiong,
石門區,,,Chio̍h-mn̂g-khu,
太平區,,,Thài-pêng-khu,
芎林鄉,,,Khiông-nâ-hiong,
卑南鄉,,,Pi-lâm-hiong,
安南區,,,An-lâm-khu,
鶯歌區,,,Eng-ko-khu,
永康區,,,Éng-khong-khu,
六龜區,,,La̍k-ku-khu,
大安區,,大安區,Tāi-an-khu,Tāi-an-khu
信義區,,,Sìn-gī-khu,
苓雅區,,,Lêng-ngá-khu,
泰安鄉,,,Thài-an-hiong,
旗山區,,,Kî-san-khu,
新化區,,,Sin-hoà-khu,
西港區,,,Sai-káng-khu,
內埔鄉,,,Lāi-po͘-hiong,
霧峰區,,,Bū-hong-khu,
新竹縣,,新竹縣,Sin-tek-koān,Sin-tik-kuān
鳥松區,,,Chiáu-chhêng-khu,
苑裡鎮,,,Oán-lí-tìn,
豐原區,,,Hong-goân-khu,
新莊區,,新莊區,Sin-chng-khu,Sin-tsng-khu
信義鄉,,,Sìn-gī-hiong,
卓溪鄉,,,Toh-khe-hiong,
南投縣,,南投縣,Lâm-tâu-koān,Lâm-tâu-kuān
雲林縣,,雲林縣,Hûn-lîm-koān,Hûn-lîm-kuān
冬山鄉,,,Tang-soaⁿ-hiong,
善化區,,,Siān-hoà-khu,
四湖鄉,,,Sì-ô͘-hiong,
麻豆區,,,Moâ-tāu-khu,
麟洛鄉,,,Lîn-lo̍k-hiong,
東勢鄉,東勢厝,,Tang-sì-hiong,
五股區,,五股區,Gō͘-kó͘-khu,Gōo-kóo-khu
湖口鄉,,湖口鄉,Ô͘-kháu-hiong,Ôo-kháu-hiong
瑪家鄉,,,Má-ka-hiong,
和平區,,,Hô-pêng-khu,
秀林鄉,,,Siù-lîm-hiong,
林口區,,林口區,Nâ-kháu-khu,Nâ-kháu-khu
北投區,,,Pak-tâu-khu,
大埤鄉,,,Toā-pi-hiong,
將軍區,,,Chiong-kun-khu,
秀水鄉,秀水,,Siù-chúi-hiong,
茄萣區,,,Ka-tiāⁿ-khu,
北門區,,,Pak-mn̂g-khu,
那瑪夏區,Namasia,,Namasia-khu,
桃園區,,,Thô-hn̂g-khu,
彰化縣,,彰化縣,Chiong-hòa-koān,Tsiong-huà-kuān
芳苑鄉,,,Hong-oán-hiong,
石岡區,,,Chio̍h-kng-khu,
新屋區,,,Sin-ok-khu,
三地門鄉,,,Soaⁿ-ti-mn̂g-hiong,
公館鄉,,,Kong-koán-hiong,
員林市,,,Oân-lîm-chhī,
春日鄉,,,Chhun-ji̍t-hiong,
復興區,,,Ho̍k-heng-khu,
花蓮縣,洄瀾,花蓮縣,Hoa-liân-koān,Hua-liân-kuān
西螺鎮,,,Sai-lê-tìn,
土庫鎮,,,Thô͘-khò͘-tìn,
阿蓮區,,,A-lian-khu,
平溪區,,,Pêng-khe-khu,
石碇區,,,Chio̍h-tēng-khu,
永靖鄉,,,Éng-chēng-hiong,
東石鄉,,,Tang-chio̍h-hiong,
燕巢區,,,Iàn-châu-khu,
佳冬鄉,,,Ka-tang-hiong,
澎湖縣,,澎湖縣,Phêⁿ-ô͘-koān,Phênn-ôo-kuān
外埔區,,,Goā-po͘-khu,
新港鄉,,,Sin-káng-hiong,
大肚區,,,Toā-tō͘-khu,
尖石鄉,,,Chiam-chio̍h-hiong,
北斗鎮,,,Pó-táu-tìn,
坪林區,,,Pêⁿ-nâ-khu,
新城鄉,,,Sin-siâⁿ-hiong,
岡山區,,,Kong-san-khu,
柳營區,,,Liú-iâⁿ-khu,
龍潭區,,,Liông-thâm-khu,
芬園鄉,芬園,,Hun-hn̂g-hiong,
竹崎鄉,,,Tek-kiā-hiong,
六甲區,,,La̍k-kah-khu,
枋寮鄉,,,Pang-liâu-hiong,
后里區,,,Aū-lí-khu,
烈嶼鄉,,烈嶼鄉,Lia̍t-sū-hiong,Lia̍t-sū-hiong
八德區,,八德區,Pat-tek-khu,Pat-tik-khu
大武鄉,,,Tāi-bú-hiong,
連江縣,,連江縣,Liân-kang-koān,Liân-kang-kuān
中埔鄉,,,Tiong-po͘-hiong,
貢寮區,,,Kòng-liâu-khu,
北竿鄉,,,Pak-kan-hiong,
福興鄉,,,Hok-heng-hiong,
太麻里鄉,,,Thài-mâ-lí-hiong,
西嶼鄉,,,Sai-sū-hiong,
三重區,,三重區,Sam-tiông-khu,Sam-tiông-khu
五峰鄉,,,Ngó͘-hong-hiong,
臺東市,,,Tâi-tang-chhī,
義竹鄉,,,Gī-tek-hiong,
甲仙區,,,Kah-sian-khu,
鹿野鄉,,,Lo̍k-iá-hiong,
中正區,,,Tiong-chèng-khu,
清水區,,,Chheng-chúi-khu,
蘆竹區,,,Lô͘-tek-khu,
里港鄉,,,Lí-káng-hiong,
新興區,,,Sin-heng-khu,
龍井區,,,Liông-chéⁿ-khu,
峨眉鄉,,,Gô-bî-hiong,
牡丹鄉,,,Bó͘-tan-hiong,
鹽埔鄉,,,Iâm-po͘-hiong,
安樂區,,,An-lo̍k-khu,
溪湖鎮,溪湖,溪湖鎮,Khe-ô͘-tìn,Khe-ôo-tìn
獅潭鄉,,,Sai-thâm-hiong,
鼓山區,,,Kó͘-san-khu,
樹林區,,,Chhiū-nâ-khu,
大林鎮,,,Tōa-nâ-tìn,
寶山鄉,,,Pó-san-hiong,
和美鎮,,,Hô-bí-tìn,
湖內區,,,Ô͘-lāi-khu,
三灣鄉,,,Sam-oan-hiong,
竹南鎮,,,Tek-lâm-tìn,
名間鄉,,,Bêng-kan-hiong,
中寮鄉,,,Tiong-liâu-hiong,
萬里區,,,Bān-lí-khu,
來義鄉,,,Lâi-gī-hiong,
古坑鄉,,,Kó͘-kheⁿ-hiong,
國姓鄉,,,Kok-sèng-hiong,
土城區,,土城區,Thô͘-siâⁿ-khu,Thôo-siânn-khu
大寮區,,,Tōa-liâu-khu,
東港鎮,,,Tang-káng-tìn,
東河鄉,,,Tong-hô-hiong,
斗六市,,,Táu-la̍k-chhī,
山上區,,,San-siōng-khu,
七堵區,七堵,,Chhit-tó͘-khu,
水里鄉,,,Chúi-lí-hiong,
崙背鄉,,崙背鄉,Lūn-poè-hiong,Lūn-puè-hiong
前鎮區,,,Chiân-tìn-khu,
大雅區,,,Tāi-ngé-khu,
海端鄉,,,Hái-toan-hiong,
崁頂鄉,,,Khàm-téng-hiong,
湖西鄉,,,Ô͘-sai-hiong,
安平區,,,An-pêng-khu,
關廟區,,,Koan-biō-khu,
銅鑼鄉,,,Tâng-lô-hiong,
七美鄉,,,Chhit-bí-hiong,
西屯區,,,Sai-tūn-khu,
北港鎮,,,Pak-káng-tìn,
金沙鎮,,,Kim-soa-tìn,
臺中市,,臺中市,Tâi-tiong-chhī,Tâi-tiong-tshī
鳳林鎮,,,Hōng-lîm-tìn,
員山鄉,,,Îⁿ-soaⁿ-hiong,
嘉義市,,嘉義市,Ka-gī-chhī,Ka-gī-tshī
北區,,,Pak-khu,
潮州鎮,,,Tiô-chiu-tìn,
東區,,,Tang-khu,
頭城鎮,,,Thâu-siâⁿ-tìn,
梓官區,,,Chú-koaⁿ-khu,
吉安鄉,,,Kiat-an-hiong,
金寧鄉,,,Kim-lêng-hiong,
三星鄉,,,Sam-seng-hiong,
大城鄉,,,Toā-siâⁿ-hiong,
番路鄉,,,Hoan-lō͘-hiong,
大同區,,,Tāi-tông-khu,
官田區,,,Koaⁿ-tiān-khu,
新社區,,,Sin-siā-khu,
鳳山區,,鳳山區,Hōng-soaⁿ-khu,Hōng-suann-khu
太保市,,,Thài-pó-chhī,
三芝區,,,Sam-chi-khu,
豐濱鄉,豐濱,,Hong-pin-hiong,
通霄鎮,,,Thong-siau-tìn,
南化區,,,Lâm-hoà-khu,
延平鄉,桃源,,Iân-pêng-hiong,
萬華區,,,Bān-hôa-khu,
南區,,,Lâm-khu,
左營區,,,Chó-iâⁿ-khu,
西湖鄉,,,Se-ô͘-hiong,
長治鄉,Changjhih,,Tióng-tī-hiong,
松山區,松山;台北松山,,Siông-san-khu,
歸仁區,,,Kui-jîn-khu,
玉井區,,,Gio̍k-chéⁿ-khu,
蘇澳鎮,,蘇澳鎮,So͘-ò-tìn,Soo-ò-tìn
大里區,,,Tāi-lí-khu,
南州鄉,,,Lâm-chiu-hiong,
水上鄉,,,Chúi-siōng-hiong,
永安區,,,Éng-an-khu,
埔鹽鄉,,,Po͘-iâm-hiong,
宜蘭縣,,宜蘭縣,Gî-lân-koān,Gî-lân-kuān
萬榮鄉,,,Bān-êng-hiong,
苗栗市,,,Biâu-le̍k-chhī,
霧臺鄉,,,Bū-tâi-hiong,
萬丹鄉,,,Bān-tan-hiong,
泰山區,,泰山區,Thài-san-khu,Thài-san-khu
竹山鎮,,,Tek-san-tìn,
南投市,,,Lâm-tâu-chhī,
新豐鄉,,,Sin-hong-hiong,
七股區,,,Chhit-kó͘-khu,
仁愛區,,,Jîn-ài-khu,
玉里鎮,,,Gio̍k-lí-tìn,
斗南鎮,,,Táu-lâm-tìn,
美濃區,,,Bi-long-khu,
關西鎮,,,Koan-se-tìn,
中西區,,,Tiong-se-khu,
佳里區,,,Ka-lí-khu,
烏日區,,,O͘-ji̍t-khu,
富里鄉,,,Hù-lí-hiong,
文山區,,文山區,Bûn-san-khu,Bûn-san-khu
元長鄉,,,Goân-chióng-hiong,
魚池鄉,,,Hî-tî-hiong,
口湖鄉,,,Kháu-ô͘-hiong,
學甲區,,,Ha̍k-kah-khu,
桃源區,,,Thô-goân-khu,
花壇鄉,花壇,,Hoe-tôaⁿ-hiong,
士林區,,,Sū-lîm-khu,
竹北市,,,Tek-pak-chhī,
大樹區,,,Tōa-chhiū-khu,
東勢區,,,Tang-sì-khu,
竹田鄉,,,Tek-chhân-hiong,
茂林區,,,Bō͘-lîm-khu,
大安區,,,Tāi-an-khu,
臺西鄉,,,Tâi-se-hiong,
八里區,,八里區,Pat-lí-khu,Pat-lí-khu
竹塘鄉,,,Tek-tn̂g-hiong,
大湖鄉,,,Tōa-ô͘-hiong,
觀音區,,,Koan-im-khu,
蘆洲區,,蘆洲區,Lô͘-chiu-khu,Lôo-tsiu-khu
頭屋鄉,,,Thâu-ok-hiong,
新營區,,,Sin-iâⁿ-khu,
九如鄉,,,Kiú-jû-hiong,
龜山區,,,Ku-soaⁿ-khu,
二水鄉,,,Jī-chúi-hiong,
內湖區,,,Lāi-ô͘-khu,
新竹市,,新竹市,Sin-tek-chhī,Sin-tik-tshī
東澳,,,Tang-ò,
南方澳,,,Lâm-hong-ò,
林美,,,Lîm-bí,
九份,,,Káu-hūn,
月眉,,,Gue̍h-bâi,
霧社 Alang paran,巴蘭 Alang paran,,Bū-siā,
臺灣,中華民國,臺灣,Tâi-oân,Tâi-uân
鹽寮,鹽寮村,鹽寮,Iâm-liâu,Iâm-liâu
福德,,,Hok-tik,
南港區,,,Lâm-káng-khu,
新庄子,,,Sin-tsng-á,
臺北市,台北,臺北市,Tâi-pak-chhī,Tâi-pak-tshī
中壢區,,,Tiong-le̍k-khu,
山仔頂,,,Suann-á-tíng,
東引鄉,,,Tang-ín-hiong,
烏坵鄉,Wuciou,,O͘-khiu-hiong,Oo-khiu-hiong
內門區,,,Lāi-mn̂g-khu,
宇老 Uraw,,宇老,Ú-nó͘,Ú-nóo
花園 Mayhoman,,,Hua-hn̂g,
安定區,,,An-tēng-khu,
港口,,,Káng-kháu,
中興新村,,,Tiong-hing Sin-tshun,
二膽島,,二膽島,Jī-táⁿ-tó,Jī-tánn-tó
大坵村,,大坵村,Tōa-khiu-chhun,Tuā-khiu-tshun
小坵村,,小坵村,Sió-Khiu-chhun,Sió-khiu-tshun
橫山鄉,,,Hoâiⁿ-san-hiong,
六甲頂,,,La̍k-kah-téng-á,La̍k-kah-tíng-á
野銀 Ivalino,,,Iá-gîn-tshun,
椰油村 Yayo,,,Iâ-iû-tshun,
朗島村 Iraralay,,,Lóng-tó-tshun,
東清村 Iranmeylek,,,Tang-tshing-tshun,
漁人 Iratay,,,Hî-lîn,
紅頭村 Imorod,,,Âng-thâu,
馬港,馬祖村,馬港,Má-káng,Má-káng
三鶯部落,,,Sam-ing-pōo-lo̍k,
雙冬,,雙冬,Siang-tang,Siang-tang
籬仔內,,,Lî-á-lāi,
屏東縣,,屏東縣,Pîn-tong-koān,Pîn-tong-kuān
西區,,,Se-khu,
東區,,,Tang-khu,
五結鄉,,,Gō͘-kiat-hiong,
蚵仔寮,,,Ô-á-liâu,
白沙鄉,,,Pe̍h-soa-hiong,
二重埔,,,Jī-tiunn-poo,
山佳,山仔腳,山仔跤,Soaⁿ-á-kha,Suann-á-kha
仁武區,,,Jîn-bú-khu,
基隆市,基隆,基隆市,Ke-lâng-chhī,Ke-lâng-tshī
中湖,,中湖,Tiong-ô͘,Tiong-ôo
屈尺,,屈尺,khut-chhioh,khut-tshioh
十二張,,,Cha̍p-jī-tiuⁿ,Tsa̍p-jī-tiunn
溝子口,,溝仔口,Kau-á-káu,Kau-á-káu
埤腹,,埤腹,Pi-pak,Pi-pak
碧潭,赤碧潭,碧潭,Phek-thâm,Phik-thâm
忠治 Tampya,,忠治,Tiong-tī,Tiong-tī
直潭,,直潭,Ti̍t-thâm,Ti̍t-thâm
中央新村,,中央新村,Tiong-iong Sin-chhun,Tiong-iong Sin-tshun
七張,,,Chhit-tiuⁿ,Tshit-tiunn
寶斗厝,,寶斗厝,Pó-táu-chhù,Pó-táu-tshù
大坪林,,,Tōa-pêⁿ-nâ,Tuā-pênn-nâ
檳榔坑,埤塘坑,,Pin-nn̂g-khiⁿ,Pin-nn̂g-khinn
青潭,,青潭,Chheng-thâm,Tshing-thâm
灣潭,,灣潭,Oan-thâm,Uan-thâm
十四張,,,Cha̍p-sì-tiuⁿ,Tsa̍p-sì-tiunn
安坑,,,Àm-khinn,
大學口,,大學口,Tāi-ha̍k-kháu,Tāi-ha̍k-kháu
龜山,,龜山,Ku-soaⁿ,Ku-suann
福山 Tranan,福山部落,福山,Hok-soaⁿ,Hok-suann
公館,,,Kong-koán,Kong-kuán
六張犁,,,La̍k-tiuⁿ-lôe,La̍k-tiunn-lûe
社子,社子島,社仔,Siā-á,Siā-á
天母,三玉,,Thian-bó,
後莊子,,,Āu-tsng-á,
梨山 Slamaw,梨山部落 Slamaw,梨山,Lê-san,Lê-san
楠梓區,,,Lâm-chú-khu,
東碇島,,東碇島,Tang-tiàⁿ-tó,Tang-tiànn-tó
朱厝崙,周厝崙,朱厝崙,Chu-chhù-lūn,Tsu-tshù-lūn
圓環,,圓環,Îⁿ-khoân,Înn-khuân
東門,,,Tang-mn̂g,Tang-mn̂g
三張犁,,三張犁,Saⁿ-tiuⁿ-lôe,Sann-tiunn-luê
景美,景尾;梘尾,景尾,Kéng-bé,Kíng-bé
萬隆,,,Bān-liông,
貓空,猫空,,Bâ-khang,
大直,,,Tuā-ti̍t,
中陂,,,Tiong-pho,
二叭子,,二叭子,Jī-pat-á,Jī-pat-á
五分埔,,,Gōo-hūn-poo,
內挖子,內挖仔,內挖仔,Lāi-ó͘-á,Lāi-óo-á
外挖子,外挖仔,外挖仔,Gōa-ó͘-á,Guā-óo-á
永春陂,,永春埤,Éng-chhun-pi,Íng-tshun-pi
福德坑,,福德坑,Hok-tek-kheⁿ,Hok-tik-khenn
大稻埕,,大稻埕,Tōa-tiū-tiâⁿ,Tuā-tiū-tiânn
山外,,山外,Soaⁿ-gōa,Suann-guā
新塘,,新塘,Sin-tn̂g,Sin-tn̂g
西方,,西方,Sai-hong,Sai-hong
唭哩岸,,,Ki-lí-gān,
石牌,石牌仔,,Tsio̍h-pâi,
油車坑,,油車坑,Iû-chhia-khiⁿ,Iû-tshia-khinn
溼水仔,,,Sip-chúi-á,Sip-tsuí-á
南勢角,,,Lâm-sè-kak,Lâm-sè-kak
潭漧,溪墘仔,溪墘仔,Khe-kîⁿ-á,Khe-kînn-á
竹子湖,竹子湖庄,,Tik-á-ô͘,
後山,,,Āu-suaⁿ,
水尾,,,Tsúi-bé,
劍潭,,劍潭,Kiàm-thâm,Kiàm-thâm
山子腳,,山仔跤,Soaⁿ-á-kha,Suann-á-kha
竹子林,,,Tik-á-nâ,
竹子籃,,,Tik-á-nâ,
西湖,,,Se-ôo,
金門縣,,金門縣,Kim-mn̂g-koān,Kim-mn̂g-kuān
小碧潭部落,,小碧潭部落,Sió-phek-thâm Pō͘-lo̍k,Sió-phik-thâm Pōo-lo̍k
頂埔,,頂埔,Téng-po͘,Tíng-poo
媽祖田,,媽祖田,Má-tsóo-tshân,
八斗子,,,Peh-táu-á,
西門町,,,Se-mn̂g-teng,Se-mn̂g-ting
東園,,,Tang-hn̂g,
西園,,,Se-hn̂g,
江子翠,,港仔喙,Káng-á-chhùi,Káng-á-tshuì
光華商場,,光華商場,Kong-hôa Siong-tiûⁿ,Kong-huâ-siong-tiûnn
後車頭,後站;後車站;後驛,,Āu-tshia-thâu,
五堵,,五堵,Gō͘-tó͘,Gōo-tóo
南機場,,南機場,Lâm-ki-tiûⁿ,Lâm-ki-tiûnn
古亭,,,Kó͘-tîng,
尖山腳,,尖山跤,Chiam-soaⁿ-kha,Tsiam-suann-kha
信義區,,,Sìn-gī-khu,
坡內坑,埤內坑,坡內坑,Pho-lāi-khiⁿ,Pho-lāi-khinn
抱子腳,,抱仔跤,Phō-á-kha,Phō-á-kha
軍功坑,,軍功坑,Kun-kong-khiⁿ,Kun-kóng-khinn
頭廷魁,頭重溪,頭前溪,Thâu-tiông-khoe,Thâu-tsîng-khue
北區,,,Pak-khu,
東區,,,Tang,
香山區,,,Hiong-san-khu,
鹿谷鄉,,,Lo̍k-kok-hiong,
臺南市,,臺南市,Tâi-lâm-chhī,Tâi-lâm-tshī
白河區,,,Pe̍h-hô-khu,
湳坑仔,,湳坑仔,Lâm-khiⁿ-á,Lâm-khinn-á
橫溪,,橫溪,Hûiⁿ-khoe,Huînn-khue
竹仔腳,,竹仔跤,Tek-á-kha,Tik-á-kha
永和區,,,Éng-hô-khu,
壯圍鄉,,,Chòng-ûi-hiong,
馬賽,,,Má-sài,
清水,,清水,Chheng-chúi,Tshing-tsuí
後埔,,後埔,Āu-po͘,Āu-poo
蘭嶼鄉 Ponso no Tao,,,Lân-sū-hiong,
劉厝,,,Lâu-tshù,
鎭平,,,Tìn-pênn,
汐止區,,,Se̍k-chí-khu,
埤頭鄉,,,Pi-thâu-hiong,
山仔腳,,山仔跤,Soaⁿ-á-kha,Suann-á-kha
翠谷,,翠谷,Chhùi-kok,Tshuì-kok
保長坑,,保長坑,Pó-tiúⁿ-khiⁿ,Pó-tiúnn-khinn
大竿林,,大竿林,Tōa-koaⁿ-nâ,Tuā-kuann-nâ
石門坑,,石門坑,Chio̍h-mn̂g-khiⁿ,Tsio̍h-mn̂g-khinn
鄉長厝,,鄉長厝,Hiong-tiuⁿ-chhù,Hiong-tiúnn-tshù
公舘,公館,,Kong-kuán,
竹崙,,竹崙,Tek-lūn,Tik-lūn
九鬮,,九鬮,Káu-khau,Káu-khau
新北投,,,Sin-Pak-tâu,
老梅,,老梅,Lo-boe,Lo-bue
三和,,,Sam-hô,
下朥胥,,,Ē-lau-su,
坪頂,,,Pêⁿ-tíng,
埔子,,,Po͘-tsí,
學田,,,Ha̍k-tiân,
朥胥,,,Lau-su,
牛頂頭,,,Gû-tíng-thâu,
番子井,,,Huan-á-tsíng,
頂朥胥,,,Tíng-lau-su,
二十六份,,二十六份,Jī-cha̍p-la̍k-hūn,Jī-tsa̍p-la̍k-hūn
四份子,,四份仔,Sì-hūn-á,Sì-hūn-á
坪林,,坪林,Pîⁿ-nâ,Pînn-nâ
埤頭,,,Pi-thâu,
大厝坑,,大厝坑,Tōa-chhù-kheⁿ,Tuā-tshù-khenn
大和園,,大和園,Tōa-hô-hn̂g,Tuā-hô-hn̂g
建安,,建安,Kiàn-an,Kiàn-an
建福坑,,建福坑,Kiàn-hok-khiⁿ,Kiàn-hok-khinn
成福,,成福,Sêng-hok,Sîng-hok
新安,,新安,Sin-an,Sin-an
林厝,,林厝,Lîm-chhù,Lîm-tshù
溪南,,溪南,Khoe-lâm,Khue-lâm
紫微,祖眉坑,祖眉坑,Chó͘-bî-khiⁿ,Tsóo-bî-khinn
蘇厝,,蘇厝,So͘-chhù,Soo-tshù
陳厝,,,Tân-tshù,
陳厝,,陳厝,Tân-chhù,Tân-tshù
頂寮,,頂寮,Téng-liâu,Tíng-liâu
三城,,三城,Saⁿ-siâⁿ,Sann-siânn
三城湖,,三城湖,Saⁿ-siâⁿ-ô͘,Sann-siânn-ôo
三抱竹,,三抱竹,Saⁿ-phō-tek,Sann-phō-tik
下城,,下城,Ē-siâⁿ,Ē-siânn
中興坑,,中興坑,Tiong-heng-khiⁿ,Tiong-hing-khinn
二八張,,二八張,Jī-peh-tiuⁿ,Jī-peh-tiunn
二叭子,,二叭仔,Jī-pat-á,Jī-pat-á
二城,,二城,Jī-siâⁿ,Jī-siânn
五城,,五城,Gō͘-siâⁿ,Gōo-siânn
伸杖坂,,伸杖阪,Sin-tiōng-póaⁿ,Sin-tiōng-puánn
內媽祖田,,內媽祖田,Lāi-má-chó͘-chhân,Lāi-má-tsóo-tshân
十四份,,十四份,Cha̍p-sì-hūn,Tsa̍p-sì-hūn
四十張,,四十張,Sì-cha̍p-tiuⁿ,Sì-tsa̍p-tiunn
四城,,四城,Sì-siâⁿ,Sì-siânn
埤子墘,,埤仔墘,Pi-á-kîⁿ,Pi-á-kînn
埤尾,,,Pi-bóe,Pi-bué
堰堤,,堰堤,Ián-thê,Ián-thê
大暖坑,,大暖坑,Tōa-loán-khiⁿ,Tuā-luán-khinn
大湳坑,,大湳坑,Tōa-lâm-kheⁿ,Tuā-lâm-khenn
媽祖坑,,媽祖坑,Má-chó͘-khiⁿ,Má-tsóo-khinn
安坑下,,暗坑下,Àm-kheⁿ-hā,Àm-khenn-hā
小坑,,小坑,Sió-khiⁿ,Sió-khinn
小寮,,小寮,Sió-liâu,Sió-liâu
小粗坑,,小粗坑,Sió-chho͘-khiⁿ,Sió-tshoo-khinn
成功,,成功,Sêng-kong,Sîng-kong
新埔,,新埔,Sin-po͘,Sin-poo
柴埕,,柴埕,Chhâ-tiâⁿ,Tshâ-tiânn
栗子園,,栗子園,La̍t-chí-hn̂g,La̍t-tsí-hn̂g
歡仔園,,歡仔園,Hoaⁿ-á-hn̂g,Huann-á-hn̂g
浮洲,,浮洲仔,Phû-chiu-á,Phû-tsiu-á
深丘,,深丘,Chhim-Khiu,Tshim-khiu
深坑,,深坑,Chhim-kheⁿ,Tshim-khenn
深坑口,,深坑口,Chhim-kheⁿ-kháu,Tshim-khenn-kháu
湖子內,,湖仔內,Ô͘-á-lāi,Ôo-á-lāi
溪仔邊,,溪仔邊,Khoe-á-piⁿ,Khue-á-pinn
牛埔,,牛埔,Gû-po͘,Gû-poo
牛脚坑,,牛跤坑,Gû-kha-khiⁿ,Gû-kha-khinn
番子園,,番仔園,Hoan-á-hn̂g,Huan-á-hn̂g
石門,,石門,Chio̍h-mn̂g,Tsio̍h-mn̂g
石門內,,石門內,Chio̍h-mn̂g-lāi,Tsio̍h-mn̂g-lāi
社後,,社後,Siā-āu,Siā-āu
積穗,,積穗,Chek-sūi,Tsik-suī
穗和,,穗和,Sūi-hô,Suī-hô
紅河,,紅河,Âng-hô,Âng-hô
車子路,,車仔路,Chhia-á-lō͘,Tshia-á-lōo
雙溪口,,雙溪口,Siang-khoe-kháu,Siang-khue-kháu
頭城,,頭城,Thâu-siâⁿ,Thâu-siânn
自強新村,,自強新村,Chū-kiông-sin-chhun,Tsū-kiông-sìn-tshun
三塊厝,,,Saⁿ-tè-chhù,Sann-tè-tshù
三會脚,,三會跤,Saⁿ-hōe-kha,Sann-huē-kha
上塔悠,,頂塔悠,Téng-tah-iu,Tíng-ta̍h-iu
下內埔,,下內埔,Ē-lāi-poo,Ē-lâi-poo
下埤頭,,下埤頭,E-pi-thâu,Ē-pi-thâu
下塔悠,,下塔悠,Ē-tah-iu,Ē-tah-iu
下崙尾,,下崙尾,Hā-lūn-bóe,Hā-lūn-bué
中崙,,中崙,Tiong-lūn,Tiong-lūn
中崙尾,,中崙尾,Tiong-lūn-bóe,Tiong-lūn-bué
中湖,,,Tiong-ô͘,
二十張,,二十張,Lī-cha̍p-tiuⁿ,Lī-tsa̍p-tiunn
內湖內,,內湖內,Lāi-ô͘-lāi,Lāi-ôo-lāi
公館,,,Kong-kuán,
北勢湖,,,Pak-sè-ôo,
十八分,,,Tsa̍p-pueh-hun,
后山崎,,,Āu-suaⁿ-kiā,
坡心,,坡心,Pho-sim,Pho-sim
埔墘,,埔墘,Po͘-kîⁿ,Poo-kînn
外雙溪,,,Guā-song-khue,
大坑,,大坑,Tōa-khiⁿ,Tuā-khinn
大埔,,,Tuā-poo,
大塔悠,,大塔悠,Tōa-tah-iu,Tuā-tah-iu
大莊子,,,Tuā-tsng-á,
密婆坑,,密婆坑,Bi̍t-pô-khiⁿ,Bi̍t-pô-khinn
小坑,,小坑,TL=Sió-khinn,
山脚,,山跤,Suann-kha,
岐山,,岐山,Kiâ-soaⁿ,Kiâ-suann
崙子尾,,,Lûn-á-bé,
嶺下,,,Niá-ē,
嶺頂,,,Niá-téng,Niá-tíng
嶺頭,,,Niá-thâu,
嶺頭,,,Niá-thâu,
平等頭,,,Pîng-tíng-thâu,
延平,,延平,iân-pêng,Iân-pîng
待老坑,刣腦坑;殺頭坑,待老坑,Thāi-láu-khiⁿ,Thāi-láu-khinn
後山埤,,後山埤,Āu-soaⁿ-pi,Āu-suann-pi
後港,,後港,Āu-káng,Āu-káng
後港墘,,=後港墘,Āu-káng-kîⁿ,Āu-káng-kînn
新厝,,新厝,Sin-chhù,Sin-tshù
新埤,,,Sin-pi,
新安,,,Sin-an,
新興,,新興,Sin-heng,Sin-hing
十一命,新隆;萬興,十一命,Cha̍p-it-miā,Tsa̍p-it-miā
木柵,,,Ba̍k-sa,Ba̍k-sa
東新,,東新,Tang-sin,Tang-sin
東湖,,,Tang-hôo,
林子口,,,Nâ-á-káu,
樟湖,,樟湖,Chiuⁿ-ô͘,Tsiunn-ôo
水尾,,,Tsuí-bé,
永福,,,Íng-hok,
洲仔,,,Tsiu-á,
洲尾,,洲尾,Chiu-bé,Chiu-bé
渡船頭,,渡船頭,Tō͘-chûn-thâu,Tōo-tsûn-thâu
港墘,,港墘,Káng-kîⁿ,Káng-kînn
港墘,,港墘,Káng-kîⁿ,Káng-kînn
湖底,,,Hôo-té,
湳雅,,,Lâm-ngá,
溪子口,溪仔口,溪仔口：,Khoe-á-káu,Khue-á-káu
溪頭,,溪頭,Khoe-thâu,Khue-thâu
潭美,,潭美,Thâm-bí,Thâm-bí
炮子林,,炮仔林,Phō-á-nâ,Phō-á-nâ
石坡坑,,石坡坑,Chio̍h-pi-kheⁿ,Tsio̍h-pi-khenn
石壁坑,,石壁坑,Chio̍h-piah-khiⁿ,Tsio̍h-piah-khinn
石獅腳,,石獅跤,Chio̍h-sai-kha,Tsio̍h-sai-kha
石角,,,Tsio̍h-kak,
石頭厝,,石頭厝,Chio̍h-thâu=chhù,Tsio̍h-thâu-tshù
石頭厝,,,Tsio̍h-thâu-tshù,
破車埔,,破車埔,Phò-chhia-po͘,Phòo-tshia-poo
福安,,,Hok-an,Hok-an
秀朗,,秀朗,Siù-lóng,Siù-lóng
粉寮,,粉寮,Hún-liâu,Hún-liâu
興德,,,Hing-tik,
興雅,,,Hing-ngá,
舊坡,,舊坡,Kū-pho,Kū-pho
舊坡口,,舊坡口,Kū-pho-kháu,Kū-pho-kháu
舊埤,,舊埤,Kū-pi,Kū-pi
舊宗,,舊宗,Kū-chong,Kū-tsong
舊莊,,,Kū-tsng,
舊里族,,舊里族,Kū-lí-cho̍k,Kū-lí-tso̍k
芝山巖,,,Tsi-san-giâm,
苧子園坑,,苧仔園坑,Tōe-á-hn̂g-khiⁿ,Tuē-á-hn̂g-khinn
萬盛,,,Bān-Sēng,Bān-Sīng
萬順,,萬順,Bán-sūn,Bán-sūn
蘭雅,,,Lân-ngá,
西新庄子,,西新庄仔,Sai-sin-chng-á,Sai-sin-tsng-á
象頭埔,,象頭埔,Chhiūⁿ-thâu-po͘,Tshiūnn-thâu-poo
關渡,,,Kan-tāu,
阿泉坑,,阿泉坑,A-chôaⁿ-khiⁿ,A-tsuânn-khinn
陳厝,,,Tân-tshù,
陽明山,,,Iông-bîng-suaⁿ,
雙連,,雙連,Siang-liân,Siang-liân
頂東勢,,頂東勢,Téng-tang-sè,Tíng-tang-sè
頂湖,,,Tíng-hôo,
頂湖,,,Tíng-hó,
馬明潭,,馬明潭,Má-bêng-thâm,Má-bîng-thâm
鴨母寮,,,Ah-bó-liâu,
龍安坡,龍安陂,龍安坡,Liông-an-pho,Liông-an-pho
龍山,,,Liông-san,Liông-san
中角,,中角,Tiong-kak,Tiong-kak
內坑,,內坑,Lāi-khiⁿ,Lāi-khinn
內溝,,,Lāi-kau,
半嶺子,,半嶺仔,Pòaⁿ-niá-á,Puànn-niá-á
姜子寮,,姜子寮,Kiuⁿ-á-liâu,Kiunn-á-liâu
尖山子,,尖山仔,Chiam-soaⁿ-á,Tsiam-suann-á
崁腳下,,崁跤下,Khàm-kha-ē,Khàm-kha-ē
海尾,,海尾,Hái-bé,Hái-bé
清水,,清水,Chheng-chúi,Tshing-tsuí
社寮,,社寮,Siā-liâu,Siā-liâu
茄苳脚,,茄苳跤,Ka-tang-kha,Ka-tang-kha
萬里阿突,,萬里阿突,Bān-lí A-tu̍h,Bān-lí A-tu̍h
西勢,,西勢,Sai-sè,Sai-sè
小印尼,,小印尼,Sió-Ìn-nî,Sió-Ìn-nî
三重埔,,,San-tiông-po͘,
入安仔,,入安仔,Ji̍p-an-á,Ji̍p-an-á
內寮,,內寮,Lāi-liâu,Lāi-liâu
内藍,,内藍,Lāi-nâ,Lāi-nâ
十三姓,,十三姓,Cha̍p-saⁿ-sìⁿ,Tsa̍p-sann-sìnn
吉林,,吉林,Kiat-nâ,Kiat-nâ
嶺脚寮,,嶺腳寮,Niá-kha-liâu,Niá-kha-liâu
新社,,新社,Sin-siā,Sin-siā
枋脚,,枋跤,Pang-kha,Pang-kha
沙崙仔,,沙崙仔,Soa-lūn-á,Sua-lūn-á
舊社,,舊社,Kū-siā,Kū-siā
遠望坑,,遠望坑,Hn̄g-bāng-khiⁿ,Hn̄g-bāng-khinn
頂店,,頂店,Téng-tiàm,Tíng-tiàm
鹽寮,,鹽寮,Iâm-liâu,Iâm-liâu
安溪寮,,安溪寮,An-khere-liâu,An-khere-liâu
廣東厝,,廣東厝,Kńg-tang-chhù,Kńg-tang-tshù
火燒厝,,火燒厝,Hóe-sio-chhù,Hué-sio-tshù
三十張犂,,,Sann-tsa̍p-tiunn-lê,
內灣,,內灣,Lāi-oa,Lāi-uan
北田中,,,Pak-tiân-tiong,
龍潭,,,Liông-thâm,
中興村,,,Tiong-hing-tshun,
造橋鄉,,,Chō-kiô-hiong,
中林,,中林,Tiong-lîm,Tiong-lîm
鹿滿,,鹿麻產,Lo̍k-Môa-sán,Lo̍k-muâ-sán
新大港,,,Sin-tuā-káng,
仁美,,,Jîn-bí,Jîn-bí
內柵,,內柵,Lāi-cha̍h,Lāi-tsa̍h
員林坑,,員林坑,Oân-lîm-khiⁿ,Uân-lîm-khinn
大坡,,大坡,Tōa-pho,Tuā-pho
泉坡尾,,泉坡尾,Choân-pho-bé,Tsuân-pho-bé
石園,,,Tsio̍h-hn̂g,
豬家莊,,,Ti-ka-tsng,
東勢,,東勢,Tang-sè,Tang-sè
三峯,三叉崠;三叉凸,,Sam-hong,Sam-hong
上店子,,,Siōng-tiàm-á,
中番子湖,,,Tiong-huan-á-hôo,
二重埔,,,Jī-têng-po͘,
五龍,,,gōo-liông,
十股林,,,Tsa̍p-kóo-nâ,
犁頭山,,,Lê-thâu-suann,
番子湖,,,Huan-á-hôo,
直窩,,,Ti̍k-o,
秀湖,,,Siù-ôo,
雙溪,,雙溪,Siang-khoe,Siang-khue
福州厝,,福州厝,Hok-chiu-chhù,Hok-tsiu-tshù
公舘仔,公館仔,,Kong-kuán-á,
湳仔,,,Làm-á,Làm-á
崇德,,崇德,Chông-tek,Tsông-tik
三塊厝,,,Saⁿ-tè-chhù,Sann-tè-tshù
後寮,,,Āu-liâu,Āu-liâu
西南,,西南,Sai-lâm,Sai-lâm
外山腳,,外山跤,Gōa-soaⁿ-kha,Guā-suann-kha
山脚,,山跤,Soaⁿ-kha,Suann-kha
樂山,鹿場大山,樂山,Lo̍k-soaⁿ,Lo̍k-suann
茅仔埔,,茅仔埔,Hm̂-á-po͘,Hm̂-á-poo
談文,,淡文湖,Tām-bûn-ô͘,Tām-bûn-ôo
公館,,公館,Kong-koán,Kong-kuán
内城,,,Lāi-siânn,
埔頭,,埔頭,Po͘-thâu,Poo-thâu
石灼子,,石灼仔,Chio̍h-chioh-á,Tsio̍h-tsioh-á
石門,,,Tsio̍h-mn̂g,
竹坑口,,竹坑口,Tek-khiⁿ-kháu,Tik-khinn-kháu
頭股份子,,頭股份仔,Thâu-kó͘-hūn-á,Thâu-kóo-hūn-á
龜溝,,龜溝,Ku-kau,Ku-kau
口埤,,,Kháu-pi,
關仔嶺,關子嶺,,Koan-á-niá,Kuan-á-niá
内角,,内角,Lāi-kak,Lāi-kak
仙草埔,,,Sian-chháu-po͘,Sian-tsháu-po͘
下庄仔,,下庄仔,Ē-chng-á,Ē-tsng-á
本館,,,Pún-koán,Pún-kuán
赤山,,赤山,Chhiah-soaⁿ,Tshiah-suann
粗坑,,粗坑,Chho͘-khiⁿ,Tshoo-khinn
大港埔,,,Tōa-káng-po͘,Tuā-káng-poo
坔埔,,,Làm-po͘,
番仔坑,,,Hoan-á-kheⁿ,
鳳鼻頭,,鳳鼻頭,Hōng-phīⁿ-thâu,Hông-phīnn-thâu
過田仔,,,Kuè-tshân-á,
後勁,,,Āu-ngē,
九曲堂,,九曲堂,Kiú-khiok-tông,Kiú-khiok-tông
林內,,,Nâ-lāi,Nâ-lāi
三欉竹,,三欉竹,Saⁿ-châng-tek,Sann-tsâng-tik
三塊厝,,,Saⁿ-tè-chhù,
檨仔腳,,,Soāiⁿ-á-kha,
凹仔底,,,Lap-á-té,
五塊厝,,,Gō͘-tè-chhù,
芎蕉腳,,,Keng-chio-kha,
右昌,,,Iū-chhiong,
竹子腳,,,Tek-á-kha,
草埔 Supaw,,草埔,Chháu-po͘,Tsháu-poo
草埔後社,,草埔後社,Chháu-po͘ Āu-siā,Tsháu-poo Āu-siā
車城鄉,,,Chhâ-siâⁿ-hiong,
大埔,,大埔,Tōa-po͘,Tuā-poo
內埔,,內埔,Lāi-po͘,Lāi-poo
三千,,,Sam-chhian,Sam-tshian
射寮,,射寮,Siā-liâu,Siā-liâu
石門埔,,石門埔,Chio̍h-mn̂g-po͘,Tsio̍h-mn̂g-poo
統埔,,統埔,Thóng-po͘,Thóng-poo
下草埔 Puljequan,,下草埔,E-chháu-po͘,E-tsháu-poo
新街,,新街,Sin-ke,Sin-ke
內大溪,,內大溪,Lāi-tōa-khoe,Lāi-tuā-khue
十三股,,十三股,Cha̍p-saⁿ-kó͘,Tsa̍p-sann-kóo
紅柴林,,,Âng-tshâ-nâ,
東勢角,,,Tang-sè-kak,
柴寮仔,,柴寮仔,Chhâi-liâu-á,Tshâi-liâu-á
東勢,,東勢,Tang-sè,Tang-sè
烏山頭,,,Oo-suann-thâu,
同安厝,,,Tông-an-tshù,
興農巷,,,Hing-lông-hāng,
厝仔,,,Tshù-á,
昭和莊,,,Tsiau-hô-tsng,
阿密哩,,,A-ba̍t-li,
高園,,,Ko-hn̂g,
番仔園,,,Huan-á-hn̂g,
溪心壩,,,Khe-sim-pà,
台北站前,,台北驛前,Tâi-pak ia̍h-chêng,
東區商圈,,東區商圈,Tang-khu Siong-khoan,Tang-khu Siong-khuan
信義商圈,,信義商圈,Sìn-gī Siong-khoan,Sìn-gī Siong-khuan
民生社區,,民生社區,Bîn-seng Siā-khu,Bîn-sing Siā-khu
新里族,,新里族,Sin-lí-cho̍k,Sin-lí-tso̍k
博愛特區,,,Phok-ài-ti̍k-khu,
南海學園,,南海學園,Lâm-hái Ha̍k-hn̂g,Lâm-hái Ha̍k-hn̂g
華山,,華山,Hôa-san,Huâ-san
艋舺,,,Báng-kah,
內湖科技園區,,內湖科技園區,Lāi-ô͘ Kho-ki Hn̂g-khu,Lāi-ôo Kho-ki Hn̂g-khu
城內,城中,中文,Siâⁿ-lāi,Siânn-lāi
番婆厝,,,Hoan-pô-chhù,Huan-pô-tshù
九甲三,九甲參,,Káu-kah-sann,Káu-kah-sann
南西商圈,中山站商圈,南西商圈,Lâm-se-siong-khoan,Lâm-se-siong-khuan
義重町,基隆銀座,,Gi-tiōng-ting,
成功嶺,,,Sîng-kong-niá,
竹山,,,Tik-san,
車罾,車層,,Chhia-chân,Tshia-tsân
牛埔,,,Gû-poo,
下崁,,,Ē-khàm,
龍匣口,,龍盒口,Liông-a̍h-kháu,Liông-a̍h-kháu
加蚋子,雙園,,Ka-la̍k-á,
三板橋,,三枋橋,Sam-pang-kiô,Sam-pang-kiô
建成,,建成,Kiàn-sêng,Kiàn-sîng
中庄子,,中庄子,Tiong-chng-á,Tiong-tsng-á
十二甲,,十二甲,Cha̍p-jī-kah,Tsa̍p-jī-kah
頂公館,,頂公館,Téng-kong-koán,Tíng-kong-kuán
大龍峒,大龍泵,大龍泵,Tōa-lông-pōng,Tuā-lông-pōng
上埤頭,,,Siōng-pi-thâu,
金門縣,,金門縣,Kim-mn̂g-koān,Kim-mn̂g-kuān
漁港,,,Hû-káng,
螢橋,,螢橋,Êng-kiô,Îng-kiô
崙仔頂,,崙仔頂,Lūn-á-téng,Lūn-á-tíng
雙叉江,,雙叉江,Siang-chha-kang,Siang-tsha-kang
牛塭窟,,牛塭窟,Gû-ùn-khut,Gû-ùn-khut
蔡厝,,蔡厝,Chhòa-chhù,Tshuà-tshù
溪墘仔,,溪墘仔,Khe-kîⁿ-á,Khe-kînn-á
頂溪墘,,頂溪墘,Téng-khoe-kîⁿ,Tíng-khue-kînn
十八汴,,十八汴,Cha̍p-poeh-piān,Tsa̍p-pueh-piān
王厝,,王厝,Ông-chhù,Ông-tshù
下溪墘,,下溪墘,Téng-khoe-kîⁿ,Hā-khue-kînn
劉厝,,劉厝,Lâu-chhù,Lâu-tshù
水碓仔,,水碓仔,Chúi-tùi-á,Tsuí-tuì-á
豬母厝,,豬母厝,Ti-bú-chhù,Ti-bú-tshù
黃厝,,黃厝,N̂g-chhù,N̂g-tshù
景腳,梘腳,筧跤,Kéng-kha,Kíng-kha
邱厝,,邱厝,Khiu-chhù,Khiu-tshù
五和村,,五和村,Gō͘-hô-chhun,Gōo-hô-tshun
秀朗渡,,秀朗渡,Siù-lóng-tō͘,Siù-lóng-tōo
虎吼口,虎孔口;虎吼洲,虎吼口,Hó͘-háu-kháu,Hó͘-háu-kháu
九間仔,,九間仔,Káu-keng-á,Káu-king-á
豬屠,竹林豬屠,豬屠,Ti-tô͘,Tī-tôo
網尾寮,網溪,網尾寮,Bāng-bé-liâu,Bāng-bé-liâu
網尾渡,,網尾渡,Bāng-bé-tō͘,Bāng-bé-tōo
八分,,八分,Poeh-hun,Pueh-hun
磘廍,,磘廍,Iô-phō͘,Iô-phōo
新廍,,新廍,Sin-phō͘,Sin-phōo
舊廍,許家古厝區,舊廍,Kū-phō͘,Kū-phōo
桂竹仔林,,桂竹仔林,Kùi-tek-á-nâ,Kuì-tik-á-nâ
後溪洲,,後溪洲,Āu-Khoe-chiu,Āu-khue-tsiu
下溪洲,,下溪洲,Ē-Khoe-chiu,Ē-khue-tsiu
頂溪洲,,頂溪洲,Téng-khoe-chiu,Tíng-khue-tsiu
店仔街,,店仔街,Tiàm-á-ke,Tiàm-á-ke
牛路巷,,牛路巷,Gû-lō͘-hāng,Gû-lōo-hāng
黃溪堀,,黃溪堀,N̂g-khe-khut,N̂g-khe-khut
下秀朗,,下秀朗,Ē-siù-lóng,Ē-siù-lóng
溪洲,龜崙蘭,溪洲,Khe-chiu,Khe-tsiu
水潭礐,,水潭礐,Chúi-thâm-ha̍k,Tsuí-thâm-ha̍k
新廍邊,,新廍邊,Sin-phō͘-piⁿ,Sin-phōo-pinn
大圳嘏,,大圳嘏,Tōa-chùn-kó͘,Tuā-tsùn-kóo
行刑場,,行刑場,Hêng-hêng-tiûⁿ,Hîng-hîng-tiûnn
過圳,,過圳,kòe-chùn,Kuè-tsùn
竹巷仔,,竹巷仔,Tek-hāng-á,Tik-hāng-á
安溪寮,,安溪寮,An-khere-liâu,An-khere-liâu
無尾坑,,無尾坑,Bô-bé-khiⁿ,Bô-bé-khinn
隘寮坑,,隘寮坑,Ài-liâu-khiⁿ,Ài-liâu-khinn
乾溪仔,,焦溪仔,Ta-khoe-á,Ta-khue-á
店仔腳,,店仔跤,Tiàm-á-kha,Tiàm-á-kha
店仔街,,店仔街,Tiàm-á-koe,Tiàm-á-kue
嶢龜橋,,嶢龜橋,Giâu-ku-kiô,Giâu-ku-kiô
高麗坑,,高麗坑,Ko-lê-khiⁿ,Ko-lê-khinn
水尾,,水尾,Chúi-bé,Tsuí-bé
九芎腳,,九芎跤,Káu-kiong-kha,Káu-kiong-kha
頂崙尾,,頂崙尾,Téng-lūn-bé,Tíng-lūn-bé
隘口尾,,隘口尾,Ài-káu-bé,Ài-káu-bé
興福,十五份;十五份庄,興福,Heng-hok,Hing-hok
圳後,,圳後,Chùn-āu,Tsùn-āu
石門,,石門,Chio̍h-mn̂g,Tsio̍h-mn̂g
肥礐,,肥礐,Pûi-ha̍k,Puî-ha̍k
新生地,烏霧潭,新生地,Sin-seng-tōe,Sin-sing-tuē
狗園,,狗園,Káu-ûi,Káu-uî
番仔墩,,番仔墩,Hoan-á-tun,Huan-á-tun
磘廍,,磘廍,Iô-phō͘,Iô-phōo
番仔園,,番仔園,Hoan-á-hn̂g,Huan-á-hn̂g
舊廍,,舊廍,Kū-phō͘,Kū-phōo
撚寶仁,,撚寶仁,Lián-pó-jîn,Lián-pó-jîn
窟仔墘,,窟仔墘,Khut-á-kîⁿ,Khut-á-kînn
外竹圍,,外竹圍,Gōa-tek-ûi,Guā-tik-uî
公竹腳,,公竹跤,Kong-tek-kha,Kong-ti̍k-kha
蟧蜈車,,蟧蜈車,Lâ-giâ-chhia,Lâ-giâ-tshia
店仔街埔,,,Tiàm-á-ke-po͘,Tiàm-á-ke-poo
舊廍窟,,舊廍窟,Kū-phō͘-khut,Kū-phōo-khut
溪底仔,,溪底仔,Khe-té-á,Khe-té-á
洪厝,,洪厝,Âng-chhù,Âng-tshù
後厝,,後厝,Āu-chhù,Āu-tshù
崁腳,,崁腳,Khàm-kha,Khàm-kha
店仔街豬屠,,店仔街豬屠,Tiàm-á-ke Ti-tô͘,Tiàm-á-ke Ti-tôo
下路巷,,下路巷,Ē-lō͘-hāng,Ē-lōo-hāng
窟仔底,,窟仔底,Khut-á-té,Khut-á-té
倒追仔,,,tó-tūi-á,
儘早溝,,,kīm-tshiá-kau,
崁頂,,崁頂,Khàm-téng,Khàm-tíng
天臺,,天臺,Thian-tâi,Thian-tâi
三十張犁,,三十張犁,Saⁿ-cha̍p-tiuⁿ-lôe,Sann-tsa̍p-tiunn-luê
林尾,,林尾,Nâ-bé,Nâ-bé
柴竹圍,,柴竹圍,Chhâi-tek-ûi,Tshâi-tik-uî
新店仔,,新店仔,Sin-tiàm-á,Sin-tiàm-á
芎蕉湖,,芎蕉湖,Keng-chio-ô͘,King-tsio-ôo
永春厝,,永春厝,Éng-chhun-chhù,Íng-tshun-tshù
九汴頭,,九汴頭,Káu-piān-thâu,Káu-piān-thâu
崁仔頂,,崁仔頂,Khàm-á-téng,Khàm-á-tíng
尪公厝,,尪公厝,Ang-kong-chhù,Ang-kong-tshù
何厝庄,,何厝庄,Hô-chhù-chng,Hô-tshù-tsng
芳蘭,陳厝,芳蘭,Hong-lân,
番仔公館,,番仔公館,Hoan-á Kong-koán,Huan-á Kong-kuán
外埔,,外埔,Gōa-po͘,Guā-poo
石碣頭,,石碣頭,Chio̍h-kia̍t-thâu,Tsio̍h-kia̍t-thâu
小坑頭,,小坑頭,Sió-kheⁿ-thâu,Sió-khenn-thâu
金面頭,,金面頭,Kim-bīn-thâu,Kim-bīn-thâu
頂店,,頂店,Téng-tiàm,Tíng-tiàm
牛埔,崙仔尾,牛埔,Gû-po͘,Gû-poo
吊硞坑,,吊硞坑,Tiàu-kho̍k-kheⁿ,Tiàu-kho̍k-khenn
外彎,大彎,外彎,Gōa-oan,Guā-uan
石崁腳,,石崁跤,Chio̍h-khàm-kha,Tsio̍h-khàm-kha
石獅,,石獅,Chio̍h-sai,Tsio̍h-sai
渡船巷,,渡船巷,Tō͘-chûn-hāng,Tōo-tsûn-hāng
柿仔腳,,柿仔跤,Khī-á-kha,Khī-á-kha
打鐵寮,,拍鐵寮,Phah-thih-liâu,Phah-thih-liâu
樟腳,,樟跤,Chiuⁿ-kha,Tsiunn-kha
樟腳店仔,,樟跤店仔,Chiuⁿ-kha-tiàm-á,Tsiunn-kha-tiàm-á
抱子坑,枹仔坑,抱仔坑,Phō-á-khiⁿ,Phō-á-khinn
嶺頭,,嶺頭,Niá-thâu,Niá-thâu
瓦厝,,瓦厝,Hiā-chhù,Hiā-tshù
灰窯坑,,灰窯坑,Hoe-iô-khiⁿ,Hue-iô-khinn
樟腦寮,,樟腦寮,Chiuⁿ-nó͘-liâu,Tsiunn-nóo-liâu
詔安厝,,詔安厝,Chiàu-an-chhù,Tsiàu-an-tshù
頂厝庄仔,,頂厝庄仔,Téng-chhù-chng-á,Tíng-tshù-tsng-á
牛埔仔,,牛埔仔,Gû-po͘-á,Gû-poo-á
番社,,番社,Hoan-siā,Huan-siā
半路店,,半路店,Pòaⁿ-lō͘-tiàm,Puànn-lōo-tiàm
挖子內,,挖仔內,Oat-á-lāi,Uat-á-lāi
大坵園,,大坵園,Tōa-khu-hn̂g,Tuā-khu-hn̂g
中坑,,中坑,Tiong-khiⁿ,Tiong-khinn
草花汴,,草花汴,Chháu-hoe-piān,Tsháu-hue-piān
榮泰厝,,榮泰厝,Êng-thài-chhù,Îng-thài-tshù
石梘仔,,石梘仔,Chio̍h-kián-á,Tsio̍h-kián-á
水梘頭,,水梘頭,Chúi-kián-thâu,Tsuí-kián-thâu
御園村,,御園村,Gū-hn̂g-chhun,Gū-hn̂g-tshun
本鄉町,,本鄉町,Pún-hiong-teng,Pún-hiong-ting
神田町,,神田町,Sîn-chhân-teng,Sîn-tshân-ting
蘇厝,,蘇厝,So͘-chhù,Soo-tshù
後厝,,後厝,Āu-chhù,Āu-tshù
新厝內,,新厝內,Sin-chhù-lāi,Sin-tshù-lāi
圳墘,圳墘高,圳墘,Chùn-kîⁿ,Tsùn-kînn
四甲六,,四甲六,Sì-kah-la̍k,Sì-kah-la̍k
九甲六,,九甲六,Káu-kah-la̍k,Káu-kah-la̍k
坑仔內,,坑仔內,Khiⁿ-á-lāi,Khinn-á-lāi
凌厝,,凌厝,Lêng-chhù,Lîng-tshù
油桶腳,,油桶跤,Iû-tháng-kha,Iû-tháng-kha
頂塊廖,,頂塊廖,Téng-tè-liāu,Tíng-tè-liāu
上埤,,頂埤,Téng-pi,Tíng-pi
四甲,,四甲,Sì-kah,Sì-kah
二甲,,二甲,Lī-kah,Lī-kah
九甲,,九甲,Káu-kah,Káu-kah
三甲,,三甲,Saⁿ-kah,Sann-kah
下塊廖,,下塊廖,Ē-tè-liāu,Ē-tè-liāu
頂塊黃,,頂塊黃,Téng-tè-n̂g,Tíng-tè-n̂g
下塊黃,,下塊黃,Ē-tè-n̂g,Ē-tè-n̂g
中塊黃,,中塊黃,Tiong-tè-n̂g,Tiong-tè-n̂g
水源地,,水源地,Chúi-goân-tōe,Tsuí-guân-tuē
渡船頭,,渡船頭,Tō͘-chûn-thâu,Tōo-tsûn-thâu
崩溪,,崩溪,Pang-khoe,Pang-khue
觀音仔地,,觀音仔地,Koan-im-á-tōe,Kuan-im-á-tuē
百二番,,百二番,Pah-jī-hoan,Pah-jī-huan
舊街仔,,舊街仔,Kū-koe-á,Kū-koe-á
新店仔,,新店仔,Sin-tiàm-á,Sin-tiàm-á
店仔口,,店仔口,Tiàm-á-kháu,Tiàm-á-kháu
玖橋,,玖橋,Kiú-kiô,Kiú-kiô
莿仔埒,,莿仔埒,Keng-á-phû,Kíng-á-phû
埤仔腳,,埤仔跤,Pi-á-kha,Pi-á-kha
桂竹林,,桂竹林,Kùi-tek-nâ,Kuì-tik-nâ
竹花厝,,竹花厝,Tek-hoe-chhù,Tik-hué-tshù
刣人埔,,刣人埔,Thâi-lâng-po͘,Thâi-lâng-poo
粿店仔,,粿店仔,Ké-tiàm-á,Ké-tiàm-á
山仔後,,山仔後,Soaⁿ-á-āu,Suann-á-āu
耙形,,耙形,Pê-hêng,Pê-hîng
土地公坡,,土地公坡,Thó͘-tē-kong-pho,Thóo-tē-kong-pho
松樹腳,,松樹跤,Siông-chhiū-kha,Siông-tshiū-kha
保同陂,,保同陂,Pó-tông-pi,Pó-tông-pi
十五分內,,十五分內,Cha̍p-gō͘-hūn-lāi,Tsa̍p-gōo-hūn-lāi
中瓦厝,,中瓦厝,Tiong-hiā-chhù,Tiong-hiā-tshù
蜈蚣牙,,蜈蚣牙,Giâ-kang-gê,Giâ-kang-gê
雙邊壁,,雙爿壁,Siang-pêng-piah,Siang-pîng-piah
龜山,,龜山,Ku-soaⁿ,Ku-suann
油庫口,,油庫口,Iû-khò͘-kháu,Iû-khòo-kháu
